BHID,XCOLLAR,YCOLLAR,ZCOLLAR,LENGTH,BRG,DIP,COMMENTS,STATUT,Statuts
CT10_12,242012.9634,1379527.449,139,22,115,60,,Undrilled,Undrilled
CT10_16,241869.0558,1379589.395,121,54,115,60,,Undrilled,Undrilled
CT10_17,241859.0288,1379593.711,119,63,115,60,,Undrilled,Undrilled
CT10_18,241847.0206,1379598.88,120,75,115,60,,Undrilled,Undrilled
CT10_19,241835.9284,1379603.654,118,85,115,60,,Undrilled,Undrilled
CT10_20,241802.6516,1379617.979,140,50,115,60,,Undrilled,Undrilled
CT10_21,241788.7863,1379623.947,140,59,115,60,,Undrilled,Undrilled
CT11_11,241994.1945,1379521.442,130,33,115,60,,Undrilled,Undrilled
CT11_17,241863.7271,1379577.603,115,90,115,60,,Undrilled,Undrilled
CT11_18,241849.2654,1379583.828,120,90,115,60,,Undrilled,Undrilled
CT11_19,241838.2053,1379588.589,120,90,115,60,,Undrilled,Undrilled
CT11_20,241831.2512,1379591.582,110,90,115,60,,Undrilled,Undrilled
CT12_17,241860.8718,1379563.761,115,78,115,60,,Undrilled,Undrilled
CT12_18,241848.7871,1379568.963,115,90,115,60,,Undrilled,Undrilled
CT12_20,241842.8823,1379571.505,80,59,115,60,,Undrilled,Undrilled
CT12_21,241830.3191,1379576.912,80,72,115,60,,Undrilled,Undrilled
CT13_08,241990.2454,1379496.002,120,30,115,60,,Undrilled,Undrilled
CT13_17,241864.1918,1379550.262,106,71,115,60,,Undrilled,Undrilled
CT13_18,241853.213,1379554.988,105,81,115,60,,Undrilled,Undrilled
CT13_19,241842.0532,1379559.792,105,95,115,60,,Undrilled,Undrilled
CT13_20,241830.7494,1379564.657,105,90,115,60,,Undrilled,Undrilled
CT14_13,241839.5942,1379550.312,105,78,115,60,,Undrilled,Undrilled
CT14_14,241835.1403,1379552.229,94,77,115,60,,Undrilled,Undrilled
CT14_15,241824.2323,1379556.924,93,87,115,60,,Undrilled,Undrilled
CT14_4,241965.3116,1379496.196,115,52,115,60,,Undrilled,Undrilled
CT15_04,241943.5251,1379491.89,106,66,115,60,,Undrilled,Undrilled
CT15_06,241964.6031,1379482.816,105,44,115,60,,Undrilled,Undrilled
CT15_07,241976.1605,1379477.841,115,40,115,60,,Undrilled,Undrilled
CT15_18,241860.7866,1379527.505,101,70,115,60,,Undrilled,Undrilled
CT15_19,241843.8992,1379534.774,85,81,115,60,,Undrilled,Undrilled
CT15_20,241832.7272,1379539.583,85,73,115,60,,Undrilled,Undrilled
CT16_02,241863.6319,1379514.035,105,73,115,60,,Undrilled,Undrilled
CT16_11,241994.5617,1379457.676,115,52,115,60,,Undrilled,Undrilled
CT17_11,241965.4632,1379459.949,106,44,115,60,,Undrilled,Undrilled
CT17_13,241982.5568,1379452.235,107,64,115,60,,Undrilled,Undrilled
CT17_23,241835.6414,1379518.538,85,90,115,60,,Undrilled,Undrilled
CT17_24,241824.9585,1379523.359,85,90,115,60,,Undrilled,Undrilled
CT18_01,241839.5091,1379504.147,98,90,115,60,,Undrilled,Undrilled
CT18_02,241850.7346,1379499.081,98,81,115,60,,Undrilled,Undrilled
CT18_03,241860.7814,1379494.547,100,74,115,60,,Undrilled,Undrilled
CT18_11,241988.7398,1379436.799,106,56,115,60,,Undrilled,Undrilled
CT18_21,241827.998,1379509.342,97,82,115,60,,Undrilled,Undrilled
CT18_23,241816.0576,1379514.731,98,94,115,60,,Undrilled,Undrilled
CT19_13,242015.5085,1379412.572,105,32,115,60,,Undrilled,Undrilled
CT19_20,241820.7291,1379500.476,97,90,115,60,,Undrilled,Undrilled
CT2_06,242019.5785,1379671.105,167,37,115,60,,Undrilled,Undrilled
CT20_03,241858.1563,1379467.34,96,74,115,60,,Undrilled,Undrilled
CT20_16,242019.194,1379394.664,105,31,115,60,,Undrilled,Undrilled
CT20_23,241822.6203,1379483.377,96,90,115,60,,Undrilled,Undrilled
CT20_24,241809.2687,1379489.403,96,96,115,60,,Undrilled,Undrilled
CT21_17,242029.2913,1379376.143,105,21,115,60,,Undrilled,Undrilled
CT21_23,241810.0786,1379475.074,85,99,115,60,,Undrilled,Undrilled
CT21_25,242313.0062,1379248.102,156,22,115,60,,Undrilled,Undrilled
CT22_01,241814.4278,1379459.969,80,99,115,60,,Undrilled,Undrilled
CT22_07,241886.9179,1379427.254,80,90,115,60,,Undrilled,Undrilled
CT22_08,241898.5146,1379422.021,80,95,115,60,,Undrilled,Undrilled
CT22_09,241901.5838,1379420.635,96,80,115,60,,Undrilled,Undrilled
CT23_01,241814.5485,1379429.88,81,99,115,60,,Undrilled,Undrilled
CT23_02,241827.2492,1379423.879,80,90,115,60,,Undrilled,Undrilled
CT24_01,241818.5689,1379413.946,80,97,115,60,,Undrilled,Undrilled
CT24_02,241831.1495,1379408.002,80,90,115,60,,Undrilled,Undrilled
CT24_03,241842.5035,1379402.637,80,90,115,60,,Undrilled,Undrilled
CT24_04,241853.6857,1379397.354,80,90,115,60,,Undrilled,Undrilled
CT24_05,241862.6315,1379393.127,85,90,115,60,,Undrilled,Undrilled
CT25_01,241815.4386,1379391.906,59,94,115,60,,Undrilled,Undrilled
CT25_02,241830.0297,1379385.012,80,90,115,60,,Undrilled,Undrilled
CT25_03,241841.1274,1379379.768,80,90,115,60,,Undrilled,Undrilled
CT25_04,241849.6164,1379375.758,85,90,115,60,,Undrilled,Undrilled
CT25_26,241803.338,1379464.974,80,92,115,60,,Undrilled,Undrilled
CT26_01,241808.2829,1379379.277,65,90,115,60,,Undrilled,Undrilled
CT26_02,241819.9441,1379373.767,65,90,115,60,,Undrilled,Undrilled
CT26_03,241831.3795,1379368.364,65,90,115,60,,Undrilled,Undrilled
CT26_04,241843.1615,1379362.797,65,90,115,60,,Undrilled,Undrilled
CT26_05,241851.4439,1379358.884,70,90,115,60,,Undrilled,Undrilled
CT26_06,241851.378,1379358.915,90,90,115,60,,Undrilled,Undrilled
CT26_16,241964.7073,1379305.369,96,87,115,60,,Undrilled,Undrilled
CT27_01,241805.9677,1379366.677,25,90,115,60,,Undrilled,Undrilled
CT27_02,241817.0507,1379361.44,25,90,115,60,,Undrilled,Undrilled
CT27_03,241828.5343,1379356.015,25,90,115,60,,Undrilled,Undrilled
CT27_04,241831.9741,1379354.389,40,90,115,60,,Undrilled,Undrilled
CT27_05,241843.2818,1379349.047,40,90,115,60,,Undrilled,Undrilled
CT27_06,241841.5264,1379349.876,65,90,115,60,,Undrilled,Undrilled
CT27_07,241852.92,1379344.493,65,90,115,60,,Undrilled,Undrilled
CT27_08,241851.2761,1379345.27,89,90,115,60,,Undrilled,Undrilled
CT27_09,241862.563,1379339.937,90,90,115,60,,Undrilled,Undrilled
CT27_17,241966.0428,1379291.045,70,70,115,60,,Undrilled,Undrilled
CT27_19,241980.8867,1379284.032,85,62,115,60,,Undrilled,Undrilled
CT28_31,241833.0491,1379342.932,55,90,115,60,,Undrilled,Undrilled
CT28_32,241844.5296,1379337.507,55,90,115,60,,Undrilled,Undrilled
CT28_33,241848.5196,1379335.622,70,90,115,60,,Undrilled,Undrilled
CT28_34,241858.6001,1379330.859,70,90,115,60,,Undrilled,Undrilled
CT28_36,241890.0041,1379316.022,55,90,115,60,,Undrilled,Undrilled
CT28_58,242260.8687,1379140.796,159,48,115,60,,Undrilled,Undrilled
CT29_01,241837.4263,1379327.039,60,90,115,60,,Undrilled,Undrilled
CT29_02,241851.1881,1379320.536,60,90,115,60,,Undrilled,Undrilled
CT3_03,242020.8115,1379649.312,165,43,115,60,,Undrilled,Undrilled
CT3_04,242009.4944,1379654.183,165,43,115,60,,Undrilled,Undrilled
CT30_01,241839.727,1379312.127,65,90,115,60,,Undrilled,Undrilled
CT30_02,241851.1921,1379306.71,65,90,115,60,,Undrilled,Undrilled
CT30_03,241861.9482,1379301.628,65,90,115,60,,Undrilled,Undrilled
CT30_07,241846.3751,1379295.161,60,90,115,60,,Undrilled,Undrilled
CT30_13,241857.8142,1379289.756,60,90,115,60,,Undrilled,Undrilled
CT30_26,241859.0036,1379289.194,80,90,115,60,,Undrilled,Undrilled
CT30_37,241979.6926,1379232.171,90,107,115,60,,Undrilled,Undrilled
CT30_51,241845.3228,1379295.658,40,96,115,60,,Undrilled,Undrilled
CT30_52,241844.4479,1379296.071,20,83,115,60,,Undrilled,Undrilled
CT30_53,241833.4153,1379301.284,20,93,115,60,,Undrilled,Undrilled
CT30_54,241914.0164,1379263.201,39,72,115,60,,Undrilled,Undrilled
CT30_55,241917.5497,1379261.532,54,77,115,60,,Undrilled,Undrilled
CT30_56,242008.8437,1379218.398,70,60,115,60,,Undrilled,Undrilled
CT30_57,241967.4348,1379237.962,46,106,115,60,,Undrilled,Undrilled
CT30_58,241952.9476,1379244.807,30,112,115,60,,Undrilled,Undrilled
CT31_01,241841.4167,1379283.678,25,90,115,60,,Undrilled,Undrilled
CT31_02,241852.3626,1379278.507,25,82,115,60,,Undrilled,Undrilled
CT31_03,241853.4831,1379277.977,45,90,115,60,,Undrilled,Undrilled
CT31_04,241864.6764,1379272.689,45,84,115,60,,Undrilled,Undrilled
CT31_05,241862.625,1379273.658,70,90,115,60,,Undrilled,Undrilled
CT31_06,241878.8414,1379265.996,60,83,115,60,,Undrilled,Undrilled
CT31_30,241923.544,1379244.875,40,84,115,60,,Undrilled,Undrilled
CT31_31,241940.791,1379236.726,50,81,115,60,,Undrilled,Undrilled
CT31_32,241991.9747,1379212.543,80,103,115,60,,Undrilled,Undrilled
CT31_33,241969.2525,1379223.279,41,90,115,60,,Undrilled,Undrilled
CT31_34,241979.9015,1379218.247,60,90,115,60,,Undrilled,Undrilled
CT31_35,241906.1913,1379253.074,30,97,115,60,,Undrilled,Undrilled
CT32_01,241840.7004,1379270.192,16,90,115,60,,Undrilled,Undrilled
CT32_02,241851.701,1379264.994,15,80,115,60,,Undrilled,Undrilled
CT32_06,241850.2481,1379265.681,40,90,115,60,,Undrilled,Undrilled
CT32_08,241860.8336,1379260.679,40,90,115,60,,Undrilled,Undrilled
CT32_10,241856.9221,1379262.527,70,90,115,60,,Undrilled,Undrilled
CT32_34,241895.3718,1379244.361,-5,86,115,60,,Undrilled,Undrilled
CT32_35,241920.1971,1379232.631,36,90,115,60,,Undrilled,Undrilled
CT32_37,241940.4125,1379223.08,60,90,115,60,,Undrilled,Undrilled
CT32_38,242001.9195,1379194.019,55,100,115,60,,Undrilled,Undrilled
CT32_39,242059.2867,1379166.914,104,32,115,60,,Undrilled,Undrilled
CT32_40,242030.5306,1379180.501,70,55,115,60,,Undrilled,Undrilled
CT33_01,241836.9159,1379258.155,15,90,115,60,,Undrilled,Undrilled
CT33_02,241849.874,1379252.032,45,96,115,60,,Undrilled,Undrilled
CT33_03,241858.6812,1379247.871,59,90,115,60,,Undrilled,Undrilled
CT33_04,241869.742,1379242.645,60,90,115,60,,Undrilled,Undrilled
CT33_05,241870.3965,1379242.336,79,90,115,60,,Undrilled,Undrilled
CT33_06,241896.8085,1379229.857,55,90,115,60,,Undrilled,Undrilled
CT33_21,241958.1365,1379200.881,41,52,115,60,,Undrilled,Undrilled
CT33_22,241973.6244,1379193.563,50,52,115,60,,Undrilled,Undrilled
CT33_23,241991.1626,1379185.277,80,57,115,60,,Undrilled,Undrilled
CT33_24,242043.5118,1379160.543,57,53,115,60,,Undrilled,Undrilled
CT33_25,242025.2358,1379169.178,40,68,115,60,,Undrilled,Undrilled
CT34_01,241841.3494,1379242.235,15,90,115,60,,Undrilled,Undrilled
CT34_02,241853.3724,1379236.555,15,90,115,60,,Undrilled,Undrilled
CT34_03,241851.8705,1379237.264,40,90,115,60,,Undrilled,Undrilled
CT34_04,241862.6275,1379232.182,40,90,115,60,,Undrilled,Undrilled
CT34_06,241863.8453,1379231.606,60,97,115,60,,Undrilled,Undrilled
CT34_09,241881.7019,1379223.169,70,97,115,60,,Undrilled,Undrilled
CT34_30,241976.7939,1379178.241,70,57,115,60,,Undrilled,Undrilled
CT35_01,241849.7079,1379224.461,40,90,115,60,,Undrilled,Undrilled
CT35_02,241858.5202,1379220.297,45,90,115,60,,Undrilled,Undrilled
CT35_04,241871.9454,1379213.954,65,95,115,60,,Undrilled,Undrilled
CT35_31,241905.2121,1379198.236,40,95,115,60,,Undrilled,Undrilled
CT35_32,241919.4904,1379191.49,35,79,115,60,,Undrilled,Undrilled
CT35_33,241980.2039,1379162.804,90,70,115,60,,Undrilled,Undrilled
CT35_36,242078.2226,1379116.493,101,45,115,60,,Undrilled,Undrilled
CT36_01,241827.0475,1379221.342,0,83,115,60,,Undrilled,Undrilled
CT36_02,241839.1225,1379215.637,0,70,115,60,,Undrilled,Undrilled
CT36_04,241841.9946,1379214.28,20,80,115,60,,Undrilled,Undrilled
CT36_05,241856.2633,1379207.539,40,90,115,60,,Undrilled,Undrilled
CT36_29,241907.1915,1379183.476,30,82,115,60,,Undrilled,Undrilled
CT36_30,241916.6313,1379179.016,40,82,115,60,,Undrilled,Undrilled
CT36_32,242061.1294,1379110.744,75,72,115,60,,Undrilled,Undrilled
CT37_01,241834.1753,1379201.709,25,92,115,60,,Undrilled,Undrilled
CT37_02,241845.3243,1379196.442,25,80,115,60,,Undrilled,Undrilled
CT37_03,241851.1338,1379193.697,35,80,115,60,,Undrilled,Undrilled
CT37_04,241862.5384,1379188.308,35,76,115,60,,Undrilled,Undrilled
CT37_05,241861.9535,1379188.585,55,90,115,60,,Undrilled,Undrilled
CT37_06,241874.4322,1379182.689,55,87,115,60,,Undrilled,Undrilled
CT37_07,241877.9588,1379181.023,70,90,115,60,,Undrilled,Undrilled
CT37_09,241906.3603,1379167.604,58,91,115,60,,Undrilled,Undrilled
CT37_10,241978.96,1379133.302,70,61,115,60,,Undrilled,Undrilled
CT37_11,242075.5098,1379087.684,104,70,115,60,,Undrilled,Undrilled
CT38_01,241851.4653,1379179.715,35,87,115,60,,Undrilled,Undrilled
CT38_02,241862.9744,1379174.277,35,78,115,60,,Undrilled,Undrilled
CT38_03,241875.0404,1379168.576,35,71,115,60,,Undrilled,Undrilled
CT38_04,241872.634,1379169.713,60,90,115,60,,Undrilled,Undrilled
CT38_05,241879.2904,1379166.568,70,96,115,60,,Undrilled,Undrilled
CT38_06,241919.4109,1379147.612,50,85,115,60,,Undrilled,Undrilled
CT38_07,241990.1296,1379114.199,92,85,115,60,,Undrilled,Undrilled
CT38_10,242088.8816,1379067.541,104,48,115,60,,Undrilled,Undrilled
CT39_01,241845.087,1379168.904,25,87,115,60,,Undrilled,Undrilled
CT39_02,241857.2284,1379163.167,25,78,115,60,,Undrilled,Undrilled
CT39_03,241869.149,1379157.535,25,69,115,60,,Undrilled,Undrilled
CT39_04,241867.153,1379158.478,50,90,115,60,,Undrilled,Undrilled
CT39_05,241878.8589,1379152.947,50,90,115,60,,Undrilled,Undrilled
CT39_06,241874.6585,1379154.932,80,90,115,60,,Undrilled,Undrilled
CT39_07,241885.4083,1379149.853,80,90,115,60,,Undrilled,Undrilled
CT39_17,241993.4884,1379098.787,90,90,115,60,,Undrilled,Undrilled
CT39_26,242095.5567,1379050.562,106,54,115,60,,Undrilled,Undrilled
CT39_32,242070.8085,1379062.255,75,59,115,60,,Undrilled,Undrilled
CT39_33,241844.3902,1379169.233,5,78,115,60,,Undrilled,Undrilled
CT39_34,241833.2114,1379174.515,5,90,115,60,,Undrilled,Undrilled
CT4_08,241988.6903,1379651.175,161,63,115,60,,Undrilled,Undrilled
CT4_10,242023.6961,1379636.107,165,30,115,60,,Undrilled,Undrilled
CT40_01,241855.1299,1379150.334,40,90,115,60,,Undrilled,Undrilled
CT40_02,241868.5373,1379143.999,40,90,115,60,,Undrilled,Undrilled
CT40_04,241882.2962,1379137.498,70,60,115,60,,Undrilled,Undrilled
CT40_24,241923.7119,1379117.93,20,90,115,60,,Undrilled,Undrilled
CT40_25,241945.81,1379107.489,35,90,115,60,,Undrilled,Undrilled
CT40_28,241907.8073,1379125.445,20,107,115,60,,Undrilled,Undrilled
CT41_01,241852.5674,1379137.719,10,90,115,60,,Undrilled,Undrilled
CT41_02,241864.0553,1379132.292,10,76,115,60,,Undrilled,Undrilled
CT41_03,241867.8883,1379130.481,25,90,115,60,,Undrilled,Undrilled
CT41_04,241878.3589,1379125.534,25,90,115,60,,Undrilled,Undrilled
CT41_06,241885.2054,1379122.299,55,90,115,60,,Undrilled,Undrilled
CT41_07,241896.4168,1379117.002,55,90,115,60,,Undrilled,Undrilled
CT41_08,241923.107,1379104.391,25,90,115,60,,Undrilled,Undrilled
CT41_09,241929.1426,1379101.539,35,90,115,60,,Undrilled,Undrilled
CT41_10,241942.565,1379095.198,35,90,115,60,,Undrilled,Undrilled
CT41_11,241965.7658,1379084.236,10,51,115,60,,Undrilled,Undrilled
CT41_13,241974.6631,1379080.032,35,59,115,60,,Undrilled,Undrilled
CT41_15,241988.9267,1379073.293,50,61,115,60,,Undrilled,Undrilled
CT41_16,242004.8136,1379065.787,51,111,115,60,,Undrilled,Undrilled
CT41_17,242011.6001,1379062.58,70,52,115,60,,Undrilled,Undrilled
CT41_19,242050.0716,1379044.403,55,71,115,60,,Undrilled,Undrilled
CT41_31,242024.5719,1379056.451,70,103,115,60,,Undrilled,Undrilled
CT42_01,241861.6415,1379119.607,15,90,115,60,,Undrilled,Undrilled
CT42_02,241873.4891,1379114.009,15,90,115,60,,Undrilled,Undrilled
CT42_06,241888.878,1379106.738,51,90,115,60,,Undrilled,Undrilled
CT42_07,241900.6735,1379101.165,50,90,115,60,,Undrilled,Undrilled
CT42_08,241904.3774,1379099.415,64,90,115,60,,Undrilled,Undrilled
CT42_09,241916.225,1379093.818,65,90,115,60,,Undrilled,Undrilled
CT42_12,241988.9705,1379059.447,51,90,115,60,,Undrilled,Undrilled
CT42_15,242055.4651,1379028.03,56,63,115,60,,Undrilled,Undrilled
CT42_28,242043.0082,1379033.915,55,98,115,60,,Undrilled,Undrilled
CT43_03,241866.8063,1379103.342,15,90,115,60,,Undrilled,Undrilled
CT43_05,241878.3061,1379097.908,15,88,115,60,,Undrilled,Undrilled
CT43_06,241889.3751,1379092.679,15,78,115,60,,Undrilled,Undrilled
CT43_07,241884.9475,1379094.771,45,90,115,60,,Undrilled,Undrilled
CT43_08,241896.7223,1379089.207,45,90,115,60,,Undrilled,Undrilled
CT43_09,241907.9962,1379083.881,45,90,115,60,,Undrilled,Undrilled
CT43_10,241903.6357,1379085.941,75,90,115,60,,Undrilled,Undrilled
CT43_11_2,241946.0401,1379065.906,15,84,115,60,,Undrilled,Undrilled
CT43_12_2,241957.3089,1379060.581,15,74,115,60,,Undrilled,Undrilled
CT43_14_2,241972.2274,1379053.533,30,72,115,60,,Undrilled,Undrilled
CT43_15_2,241982.8746,1379048.502,31,63,115,60,,Undrilled,Undrilled
CT43_16_2,241986.7794,1379046.657,45,71,115,60,,Undrilled,Undrilled
CT43_17_2,241997.7144,1379041.491,45,57,115,60,,Undrilled,Undrilled
CT43_18_2,242009.2308,1379036.049,45,100,115,60,,Undrilled,Undrilled
CT43_19_2,242046.1947,1379018.585,45,90,115,60,,Undrilled,Undrilled
CT43_20,242057.385,1379013.298,45,79,115,60,,Undrilled,Undrilled
CT43_29,242147.3665,1378970.783,111,25,115,60,,Undrilled,Undrilled
CT43_31,242043.3931,1379019.909,30,61,115,60,,Undrilled,Undrilled
CT44_04,241872.3815,1379086.883,5,90,115,60,,Undrilled,Undrilled
CT44_06,241899.5953,1379074.025,25,90,115,60,,Undrilled,Undrilled
CT44_07,241898.8437,1379074.38,50,90,115,60,,Undrilled,Undrilled
CT44_09_2,241952.1353,1379049.201,20,90,115,60,,Undrilled,Undrilled
CT44_10_2,241958.1467,1379046.361,30,90,115,60,,Undrilled,Undrilled
CT44_11_2,241973.7681,1379038.98,50,90,115,60,,Undrilled,Undrilled
CT44_12_2,242003.8786,1379024.753,50,111,115,60,,Undrilled,Undrilled
CT44_13_2,242046.4344,1379004.647,30,81,115,60,,Undrilled,Undrilled
CT44_15,242066.8033,1378995.023,50,40,115,60,,Undrilled,Undrilled
CT44_16_2,242070.7809,1378993.143,65,79,115,60,,Undrilled,Undrilled
CT44_27,241923.921,1379062.532,50,101,115,60,,Undrilled,Undrilled
CT44_28,241982.3173,1379034.941,65,90,115,60,,Undrilled,Undrilled
CT45_01,241888.8104,1379065.295,20,85,115,60,,Undrilled,Undrilled
CT45_02,241900.9045,1379059.581,20,90,115,60,,Undrilled,Undrilled
CT45_03,241907.1455,1379056.633,35,98,115,60,,Undrilled,Undrilled
CT45_06,241924.0619,1379048.64,54,103,115,60,,Undrilled,Undrilled
CT45_08,241950.5863,1379036.108,55,86,115,60,,Undrilled,Undrilled
CT45_09,241961.6409,1379030.885,55,77,115,60,,Undrilled,Undrilled
CT45_14_2,242029.4604,1378998.841,55,80,115,60,,Undrilled,Undrilled
CT45_15_2,242051.6782,1378988.344,55,60,115,60,,Undrilled,Undrilled
CT45_16_2,242062.8851,1378983.049,55,49,115,60,,Undrilled,Undrilled
CT45_21,242093.3789,1378968.641,105,75,115,60,,Undrilled,Undrilled
CT45_27,242040.2229,1378993.756,55,71,115,60,,Undrilled,Undrilled
CT45_28,242014.0665,1379006.115,55,95,115,60,,Undrilled,Undrilled
CT46_01,241879.643,1379055.802,40,90,115,60,,Undrilled,Undrilled
CT46_02,241890.9091,1379050.479,40,90,115,60,,Undrilled,Undrilled
CT46_03,241901.913,1379045.28,40,90,115,60,,Undrilled,Undrilled
CT46_04,241913.4152,1379039.845,40,90,115,60,,Undrilled,Undrilled
CT46_05,241921.7313,1379035.916,45,90,115,60,,Undrilled,Undrilled
CT46_06,241928.5063,1379032.715,55,90,115,60,,Undrilled,Undrilled
CT46_07,241946.8018,1379024.071,40,115,115,60,,Undrilled,Undrilled
CT46_08,241957.9905,1379018.784,40,65,115,60,,Undrilled,Undrilled
CT46_09,241969.2688,1379013.456,40,88,115,60,,Undrilled,Undrilled
CT46_21,242017.3421,1378990.742,75,103,115,60,,Undrilled,Undrilled
CT46_22,242031.7337,1378983.942,95,99,115,60,,Undrilled,Undrilled
CT46_23,242000.9707,1378998.477,55,103,115,60,,Undrilled,Undrilled
CT46_26,242097.8965,1378952.682,107,68,115,60,,Undrilled,Undrilled
CT47_01,241894.2117,1379035.093,40,90,115,60,,Undrilled,Undrilled
CT47_02,241905.4599,1379029.779,40,90,115,60,,Undrilled,Undrilled
CT47_03,241916.3089,1379024.653,40,90,115,60,,Undrilled,Undrilled
CT47_04,241915.3226,1379025.119,65,90,115,60,,Undrilled,Undrilled
CT47_05,241930.8563,1379017.78,55,93,115,60,,Undrilled,Undrilled
CT47_07,241959.9971,1379004.011,40,93,115,60,,Undrilled,Undrilled
CT47_08,241972.1784,1378998.256,40,93,115,60,,Undrilled,Undrilled
CT47_09,241983.997,1378992.672,40,93,115,60,,Undrilled,Undrilled
CT48_01,241882.8163,1379026.653,25,85,115,60,,Undrilled,Undrilled
CT48_02,241893.4881,1379021.61,25,90,115,60,,Undrilled,Undrilled
CT48_03,241906.3239,1379015.546,25,82,115,60,,Undrilled,Undrilled
CT48_05,241918.9512,1379009.58,45,90,115,60,,Undrilled,Undrilled
CT48_06,241918.9736,1379009.569,65,90,115,60,,Undrilled,Undrilled
CT48_07,241932.4596,1379003.197,60,94,115,60,,Undrilled,Undrilled
CT48_11,242001.5274,1378970.564,65,80,115,60,,Undrilled,Undrilled
CT48_12,242014.6628,1378964.358,66,90,115,60,,Undrilled,Undrilled
CT48_18,242117.8603,1378915.599,115,76,115,60,,Undrilled,Undrilled
CT48_22,242086.0539,1378930.627,104,85,115,60,,Undrilled,Undrilled
CT49_01,241915.7166,1378997.283,65,90,115,60,,Undrilled,Undrilled
CT49_05,241927.2127,1378991.851,65,99,115,60,,Undrilled,Undrilled
CT49_06,241936.1397,1378987.633,70,99,115,60,,Undrilled,Undrilled
CT49_25,242128.5091,1378896.743,115,46,115,60,,Undrilled,Undrilled
CT49_26,242139.3908,1378891.602,115,34,115,60,,Undrilled,Undrilled
CT49_31,242094.0111,1378913.043,95,76,115,60,,Undrilled,Undrilled
CT49_32,241909.5183,1379000.211,50,99,115,60,,Undrilled,Undrilled
CT49_33,241896.2011,1379006.504,50,95,115,60,,Undrilled,Undrilled
CT49_34,241890.4161,1379009.237,35,95,115,60,,Undrilled,Undrilled
CT49_35,241882.4198,1379013.015,25,95,115,60,,Undrilled,Undrilled
CT50_01,241901.3033,1378990.268,45,84,115,60,,Undrilled,Undrilled
CT50_02,241912.9503,1378984.765,44,90,115,60,,Undrilled,Undrilled
CT50_03,241924.1815,1378979.458,45,67,115,60,,Undrilled,Undrilled
CT50_04,241927.0152,1378978.119,60,92,115,60,,Undrilled,Undrilled
CT50_05,241933.3081,1378975.146,70,79,115,60,,Undrilled,Undrilled
CT50_06,241944.4659,1378969.874,70,87,115,60,,Undrilled,Undrilled
CT50_24,242126.6657,1378883.789,115,53,115,60,,Undrilled,Undrilled
CT50_25,242137.7828,1378878.536,115,40,115,60,,Undrilled,Undrilled
CT51_01,241893.3289,1378980.211,35,81,115,60,,Undrilled,Undrilled
CT51_02,241905.1875,1378974.608,35,89,115,60,,Undrilled,Undrilled
CT51_03,241915.9885,1378969.504,35,80,115,60,,Undrilled,Undrilled
CT51_04,241919.0128,1378968.075,50,90,115,60,,Undrilled,Undrilled
CT51_05,241931.4899,1378962.18,50,80,115,60,,Undrilled,Undrilled
CT51_06,241931.118,1378962.356,70,90,115,60,,Undrilled,Undrilled
CT51_07,241942.6469,1378956.909,70,90,115,60,,Undrilled,Undrilled
CT51_24,242124.3236,1378871.071,115,81,115,60,,Undrilled,Undrilled
CT51_25,242137.6136,1378864.791,115,81,115,60,,Undrilled,Undrilled
CT52_01,241899.6745,1378963.387,45,82,115,60,,Undrilled,Undrilled
CT52_02,241910.6465,1378958.203,45,90,115,60,,Undrilled,Undrilled
CT52_03,241922.1941,1378952.747,45,65,115,60,,Undrilled,Undrilled
CT52_05,241937.7098,1378945.417,80,93,115,60,,Undrilled,Undrilled
CT52_14,242100.9682,1378868.281,115,84,115,60,,Undrilled,Undrilled
CT52_15,242114.3986,1378861.935,115,70,115,60,,Undrilled,Undrilled
CT52_16,242132.43,1378853.416,125,53,115,60,,Undrilled,Undrilled
CT52_17,242143.4411,1378848.213,125,40,115,60,,Undrilled,Undrilled
CT52_18,242152.477,1378843.944,130,38,115,60,,Undrilled,Undrilled
CT52_19,242160.2799,1378840.257,135,34,115,60,,Undrilled,Undrilled
CT53_01,241886.2231,1378955.918,55,98,115,60,,Undrilled,Undrilled
CT53_02,241898.2809,1378950.221,55,90,115,60,,Undrilled,Undrilled
CT53_03,241909.9706,1378944.698,55,95,115,60,,Undrilled,Undrilled
CT53_04,241920.1449,1378939.891,56,78,115,60,,Undrilled,Undrilled
CT53_05,241932.4841,1378934.061,55,78,115,60,,Undrilled,Undrilled
CT53_06,241933.35,1378933.651,75,80,115,60,,Undrilled,Undrilled
CT53_07,241942.2255,1378929.458,80,87,115,60,,Undrilled,Undrilled
CT53_09,241957.3787,1378922.298,95,85,115,60,,Undrilled,Undrilled
CT53_20,242121.8083,1378844.609,120,57,115,60,,Undrilled,Undrilled
CT53_21,242131.4312,1378840.062,124,51,115,60,,Undrilled,Undrilled
CT53_22,242139.9383,1378836.043,130,50,115,60,,Undrilled,Undrilled
CT53_23,242148.5849,1378831.958,135,62,115,60,,Undrilled,Undrilled
CT54_05,241934.2681,1378919.393,80,83,115,60,,Undrilled,Undrilled
CT54_06,241945.809,1378913.94,80,81,115,60,,Undrilled,Undrilled
CT54_18,242115.1808,1378833.915,125,67,115,60,,Undrilled,Undrilled
CT54_19,242126.7384,1378828.455,125,56,115,60,,Undrilled,Undrilled
CT54_20,242135.1342,1378824.488,130,54,115,60,,Undrilled,Undrilled
CT54_21,242143.942,1378820.326,135,49,115,60,,Undrilled,Undrilled
CT54_24,241901.2252,1378935.005,55,90,115,60,,Undrilled,Undrilled
CT54_25,241913.1983,1378929.348,55,81,115,60,,Undrilled,Undrilled
CT54_26,241918.9853,1378926.613,65,84,115,60,,Undrilled,Undrilled
CT54_27,241930.5593,1378921.145,65,81,115,60,,Undrilled,Undrilled
CT55_03,241890.2018,1378926.388,35,88,115,60,,Undrilled,Undrilled
CT55_04,241896.1479,1378923.579,50,95,115,60,,Undrilled,Undrilled
CT55_05,241908.1121,1378917.926,51,87,115,60,,Undrilled,Undrilled
CT55_06,241913.6139,1378915.326,60,88,115,60,,Undrilled,Undrilled
CT55_07,241925.1453,1378909.878,60,81,115,60,,Undrilled,Undrilled
CT55_08,241935.226,1378905.115,61,73,115,60,,Undrilled,Undrilled
CT55_09,241939.8996,1378902.907,75,73,115,60,,Undrilled,Undrilled
CT55_10,241945.6974,1378900.168,85,83,115,60,,Undrilled,Undrilled
CT55_22,242090.3236,1378831.835,120,40,115,60,,Undrilled,Undrilled
CT55_26,242129.1573,1378813.487,125,52,115,60,,Undrilled,Undrilled
CT57_01,241896.3409,1378909.662,50,100,115,60,,Undrilled,Undrilled
CT57_02,241908.2205,1378904.05,79,109,115,60,,Undrilled,Undrilled
CT57_04,241922.4475,1378897.328,80,95,115,60,,Undrilled,Undrilled
CT57_05,241942.4132,1378887.894,95,90,115,60,,Undrilled,Undrilled
CT57_06,241955.0264,1378881.935,95,81,115,60,,Undrilled,Undrilled
CT57_10,242086.9341,1378819.611,121,37,115,60,,Undrilled,Undrilled
CT57_11,242107.649,1378809.824,125,20,115,60,,Undrilled,Undrilled
CT57_13,242121.7333,1378803.169,140,64,115,60,,Undrilled,Undrilled
CT58_04,241920.3894,1378884.475,80,90,115,60,,Undrilled,Undrilled
CT58_05,241931.8429,1378879.064,80,79,115,60,,Undrilled,Undrilled
CT58_06,241942.9202,1378873.83,80,70,115,60,,Undrilled,Undrilled
CT58_15,242076.1482,1378810.882,125,45,115,60,,Undrilled,Undrilled
CT58_16,242088.4867,1378805.053,125,33,115,60,,Undrilled,Undrilled
CT58_17,242099.0317,1378800.07,125,23,115,60,,Undrilled,Undrilled
CT58_18,242104.6834,1378797.4,135,26,115,60,,Undrilled,Undrilled
CT58_19,242116.1266,1378791.994,135,62,115,60,,Undrilled,Undrilled
CT59_02,241934.8741,1378863.806,100,89,115,60,,Undrilled,Undrilled
CT59_03,241946.4772,1378858.324,100,80,115,60,,Undrilled,Undrilled
CT59_04,241949.6275,1378856.836,116,88,115,60,,Undrilled,Undrilled
CT59_05,241961.4876,1378851.232,116,78,115,60,,Undrilled,Undrilled
CT59_06,241986.596,1378839.369,90,39,115,60,,Undrilled,Undrilled
CT59_10,242089.3385,1378790.825,135,35,115,60,,Undrilled,Undrilled
CT60_09,242090.9915,1378776.219,145,34,115,60,,Undrilled,Undrilled
CT62_11,241927.2301,1378839.768,118,56,115,60,,Undrilled,Undrilled
CT63_15,241943.2152,1378818.39,125,34,115,60,,Undrilled,Undrilled
CT63_16,241931.8442,1378823.763,124,46,115,60,,Undrilled,Undrilled
CT64_01,241962.9821,1378795.226,130,18,115,60,,Undrilled,Undrilled
CT64_13,241950.8847,1378800.942,131,31,115,60,,Undrilled,Undrilled
CT65_01,241960.1475,1378782.74,137,25,115,60,,Undrilled,Undrilled
CT70_01,241832.1554,1379398.654,80,90,115,60,,Undrilled,Undrilled
CT70_02,241843.9003,1379393.104,80,90,115,60,,Undrilled,Undrilled
CT70_03,241855.0827,1379387.821,80,90,115,60,,Undrilled,Undrilled
CT70_04,241863.6529,1379383.772,85,90,115,60,,Undrilled,Undrilled
CT70_20,241827.2647,1379400.964,65,86,115,60,,Undrilled,Undrilled
CT70_21,241813.6719,1379407.387,65,97,115,60,,Undrilled,Undrilled
CT70_24,242247.1611,1379187.927,160,52,115,60,,Undrilled,Undrilled
CT70_25,241885.4425,1379358.831,60,80,115,60,,Undrilled,Undrilled
CT70_26,241902.7971,1379350.631,50,73,115,60,,Undrilled,Undrilled
CT71_15,241999.0504,1379361.275,105,50,115,60,,Undrilled,Undrilled
CT71_16,241823.7903,1379444.082,84,92,115,60,,Undrilled,Undrilled
CT8_05,241842.9703,1379628.419,140,90,115,60,,Undrilled,Undrilled
CT9_07,241857.479,1379608.003,130,68,115,60,,Undrilled,Undrilled
CT9_08,241847.9032,1379612.125,130,80,115,60,,Undrilled,Undrilled
CT9_09,241808.1966,1379629.217,140,46,115,60,,Undrilled,Undrilled
CT9_10,241795.2993,1379634.769,140,56,115,60,,Undrilled,Undrilled
GC_mkc_ph2_8,241867.6554,1379645.883,141,49,115,60,,Undrilled,Undrilled
